Kullanıcı Sayısı,Döngü Sayısı,LSTM Anomali Sayısı,LSTM Anomali Yüzdesi (%),Ortalama Yanıt Süresi (ms),Hata Oranı (%),Maksimum Yanıt Süresi (ms),Minimum Yanıt Süresi (ms),Toplam İstek
5,4,1,25.0,258.62666666666667,66.66666666666667,1183,81,20.0
5,4,0,0.0,305.56666666666666,66.66666666666667,1024,78,20.0
5,1,1,100.0,301.22222222222223,66.66666666666667,1031,78,5.0
5,1,1,100.0,307.4404761904762,66.66666666666667,1368,77,5.0
